{"Latitude":-27.482279,"Longitude":153.028723,"GeoPoint":{"type":1,"values":[-27.482279,153.028723]},"Cluster Attribué":0}
{"Latitude":-27.47059,"Longitude":153.036046,"GeoPoint":{"type":1,"values":[-27.47059,153.036046]},"Cluster Attribué":0}
{"Latitude":-27.474531,"Longitude":153.042728,"GeoPoint":{"type":1,"values":[-27.474531,153.042728]},"Cluster Attribué":3}
{"Latitude":-27.461881,"Longitude":153.046986,"GeoPoint":{"type":1,"values":[-27.461881,153.046986]},"Cluster Attribué":3}
{"Latitude":-27.469658,"Longitude":153.016696,"GeoPoint":{"type":1,"values":[-27.469658,153.016696]},"Cluster Attribué":2}
{"Latitude":-27.48172,"Longitude":153.00436,"GeoPoint":{"type":1,"values":[-27.48172,153.00436]},"Cluster Attribué":1}
{"Latitude":-27.493626,"Longitude":153.001482,"GeoPoint":{"type":1,"values":[-27.493626,153.001482]},"Cluster Attribué":1}
{"Latitude":-27.476076,"Longitude":153.002459,"GeoPoint":{"type":1,"values":[-27.476076,153.002459]},"Cluster Attribué":2}
{"Latitude":-27.493963,"Longitude":153.011938,"GeoPoint":{"type":1,"values":[-27.493963,153.011938]},"Cluster Attribué":1}
{"Latitude":-27.482197,"Longitude":153.020894,"GeoPoint":{"type":1,"values":[-27.482197,153.020894]},"Cluster Attribué":2}
{"Latitude":-27.465226,"Longitude":153.050864,"GeoPoint":{"type":1,"values":[-27.465226,153.050864]},"Cluster Attribué":3}
{"Latitude":-27.468447,"Longitude":153.024662,"GeoPoint":{"type":1,"values":[-27.468447,153.024662]},"Cluster Attribué":0}
{"Latitude":-27.473021,"Longitude":153.025988,"GeoPoint":{"type":1,"values":[-27.473021,153.025988]},"Cluster Attribué":0}
{"Latitude":-27.457825,"Longitude":153.036866,"GeoPoint":{"type":1,"values":[-27.457825,153.036866]},"Cluster Attribué":3}
{"Latitude":-27.48148,"Longitude":153.02368,"GeoPoint":{"type":1,"values":[-27.48148,153.02368]},"Cluster Attribué":0}
{"Latitude":-27.467464,"Longitude":153.022094,"GeoPoint":{"type":1,"values":[-27.467464,153.022094]},"Cluster Attribué":0}
{"Latitude":-27.499963,"Longitude":153.017633,"GeoPoint":{"type":1,"values":[-27.499963,153.017633]},"Cluster Attribué":1}
{"Latitude":-27.490776,"Longitude":152.994747,"GeoPoint":{"type":1,"values":[-27.490776,152.994747]},"Cluster Attribué":1}
{"Latitude":-27.458199,"Longitude":153.041688,"GeoPoint":{"type":1,"values":[-27.458199,153.041688]},"Cluster Attribué":3}
{"Latitude":-27.481808,"Longitude":153.025477,"GeoPoint":{"type":1,"values":[-27.481808,153.025477]},"Cluster Attribué":0}
{"Latitude":-27.452027,"Longitude":153.04911,"GeoPoint":{"type":1,"values":[-27.452027,153.04911]},"Cluster Attribué":3}
{"Latitude":-27.464628,"Longitude":153.026863,"GeoPoint":{"type":1,"values":[-27.464628,153.026863]},"Cluster Attribué":0}
{"Latitude":-27.456085,"Longitude":153.03453,"GeoPoint":{"type":1,"values":[-27.456085,153.03453]},"Cluster Attribué":3}
{"Latitude":-27.46637,"Longitude":153.018506,"GeoPoint":{"type":1,"values":[-27.46637,153.018506]},"Cluster Attribué":2}
{"Latitude":-27.492876,"Longitude":153.006071,"GeoPoint":{"type":1,"values":[-27.492876,153.006071]},"Cluster Attribué":1}
{"Latitude":-27.464681,"Longitude":153.042561,"GeoPoint":{"type":1,"values":[-27.464681,153.042561]},"Cluster Attribué":3}
{"Latitude":-27.461041,"Longitude":153.037902,"GeoPoint":{"type":1,"values":[-27.461041,153.037902]},"Cluster Attribué":3}
{"Latitude":-27.454482,"Longitude":153.046802,"GeoPoint":{"type":1,"values":[-27.454482,153.046802]},"Cluster Attribué":3}
{"Latitude":-27.463405,"Longitude":153.031142,"GeoPoint":{"type":1,"values":[-27.463405,153.031142]},"Cluster Attribué":0}
{"Latitude":-27.453717,"Longitude":153.034042,"GeoPoint":{"type":1,"values":[-27.453717,153.034042]},"Cluster Attribué":3}
{"Latitude":-27.458641,"Longitude":153.03208,"GeoPoint":{"type":1,"values":[-27.458641,153.03208]},"Cluster Attribué":3}
{"Latitude":-27.475039,"Longitude":153.020323,"GeoPoint":{"type":1,"values":[-27.475039,153.020323]},"Cluster Attribué":2}
{"Latitude":-27.468839,"Longitude":153.011115,"GeoPoint":{"type":1,"values":[-27.468839,153.011115]},"Cluster Attribué":2}
{"Latitude":-27.454394,"Longitude":153.049519,"GeoPoint":{"type":1,"values":[-27.454394,153.049519]},"Cluster Attribué":3}
{"Latitude":-27.468845,"Longitude":153.007364,"GeoPoint":{"type":1,"values":[-27.468845,153.007364]},"Cluster Attribué":2}
{"Latitude":-27.457512,"Longitude":153.033841,"GeoPoint":{"type":1,"values":[-27.457512,153.033841]},"Cluster Attribué":3}
{"Latitude":-27.46123,"Longitude":153.031077,"GeoPoint":{"type":1,"values":[-27.46123,153.031077]},"Cluster Attribué":0}
{"Latitude":-27.476003,"Longitude":153.000676,"GeoPoint":{"type":1,"values":[-27.476003,153.000676]},"Cluster Attribué":2}
{"Latitude":-27.472044,"Longitude":153.027193,"GeoPoint":{"type":1,"values":[-27.472044,153.027193]},"Cluster Attribué":0}
{"Latitude":-27.456276,"Longitude":153.039196,"GeoPoint":{"type":1,"values":[-27.456276,153.039196]},"Cluster Attribué":3}
{"Latitude":-27.480385,"Longitude":153.023564,"GeoPoint":{"type":1,"values":[-27.480385,153.023564]},"Cluster Attribué":0}
{"Latitude":-27.465043,"Longitude":153.030991,"GeoPoint":{"type":1,"values":[-27.465043,153.030991]},"Cluster Attribué":0}
{"Latitude":-27.469924,"Longitude":153.02822,"GeoPoint":{"type":1,"values":[-27.469924,153.02822]},"Cluster Attribué":0}
{"Latitude":-27.469702,"Longitude":153.029828,"GeoPoint":{"type":1,"values":[-27.469702,153.029828]},"Cluster Attribué":0}
{"Latitude":-27.468675,"Longitude":153.029834,"GeoPoint":{"type":1,"values":[-27.468675,153.029834]},"Cluster Attribué":0}
{"Latitude":-27.468422,"Longitude":153.024635,"GeoPoint":{"type":1,"values":[-27.468422,153.024635]},"Cluster Attribué":0}
{"Latitude":-27.473304,"Longitude":153.048757,"GeoPoint":{"type":1,"values":[-27.473304,153.048757]},"Cluster Attribué":3}
{"Latitude":-27.473888,"Longitude":153.000599,"GeoPoint":{"type":1,"values":[-27.473888,153.000599]},"Cluster Attribué":2}
{"Latitude":-27.483168,"Longitude":152.996419,"GeoPoint":{"type":1,"values":[-27.483168,152.996419]},"Cluster Attribué":1}
{"Latitude":-27.467802,"Longitude":153.053645,"GeoPoint":{"type":1,"values":[-27.467802,153.053645]},"Cluster Attribué":3}
{"Latitude":-27.485872,"Longitude":152.99347,"GeoPoint":{"type":1,"values":[-27.485872,152.99347]},"Cluster Attribué":1}
{"Latitude":-27.483259,"Longitude":153.026946,"GeoPoint":{"type":1,"values":[-27.483259,153.026946]},"Cluster Attribué":0}
{"Latitude":-27.464986,"Longitude":153.027679,"GeoPoint":{"type":1,"values":[-27.464986,153.027679]},"Cluster Attribué":0}
{"Latitude":-27.494561,"Longitude":153.016318,"GeoPoint":{"type":1,"values":[-27.494561,153.016318]},"Cluster Attribué":1}
{"Latitude":-27.470987,"Longitude":153.004602,"GeoPoint":{"type":1,"values":[-27.470987,153.004602]},"Cluster Attribué":2}
{"Latitude":-27.459833,"Longitude":153.033445,"GeoPoint":{"type":1,"values":[-27.459833,153.033445]},"Cluster Attribué":3}
{"Latitude":-27.475922,"Longitude":153.0288,"GeoPoint":{"type":1,"values":[-27.475922,153.0288]},"Cluster Attribué":0}
{"Latitude":-27.469075,"Longitude":153.021808,"GeoPoint":{"type":1,"values":[-27.469075,153.021808]},"Cluster Attribué":0}
{"Latitude":-27.452468,"Longitude":153.040565,"GeoPoint":{"type":1,"values":[-27.452468,153.040565]},"Cluster Attribué":3}
{"Latitude":-27.471297,"Longitude":153.02257,"GeoPoint":{"type":1,"values":[-27.471297,153.02257]},"Cluster Attribué":0}
{"Latitude":-27.467498,"Longitude":153.0467,"GeoPoint":{"type":1,"values":[-27.467498,153.0467]},"Cluster Attribué":3}
{"Latitude":-27.463678,"Longitude":153.049485,"GeoPoint":{"type":1,"values":[-27.463678,153.049485]},"Cluster Attribué":3}
{"Latitude":-27.47019,"Longitude":153.025852,"GeoPoint":{"type":1,"values":[-27.47019,153.025852]},"Cluster Attribué":0}
{"Latitude":-27.479453,"Longitude":152.997215,"GeoPoint":{"type":1,"values":[-27.479453,152.997215]},"Cluster Attribué":1}
{"Latitude":-27.474992,"Longitude":153.037647,"GeoPoint":{"type":1,"values":[-27.474992,153.037647]},"Cluster Attribué":0}
{"Latitude":-27.46048,